{
    "type": "origins:multiple",
    "name": "time speed",
    "loading_priority": 0,
    "hidden": false,
    "sprint1": {
        "type": "origins:conditioned_attribute",
        "modifier": {
            "attribute": "minecraft:generic.movement_speed",
            "operation": "addition",
            "value": 0.2,
            "name": "Increased sprinting speed"
        },
        "tick_rate": 10,
        "condition": {
            "type": "origins:sprinting",
            "inverted": false
        }
    },
    "sprint2": {
        "type": "origins:conditioned_attribute",
        "modifier": {
            "attribute": "minecraft:generic.movement_speed",
            "operation": "addition",
            "value": 0.4,
            "name": "Increased sprinting speed"
        },
        "tick_rate": 250,
        "condition": {
            "type": "origins:sprinting",
            "inverted": false
        }
    },
    "sprint3": {
        "type": "origins:conditioned_attribute",
        "modifier": {
            "attribute": "minecraft:generic.movement_speed",
            "operation": "addition",
            "value": 0.6,
            "name": "Increased sprinting speed"
        },
        "tick_rate": 730,
        "condition": {
            "type": "origins:sprinting",
            "inverted": false
        }
    },
    "sprint4": {
        "type": "origins:conditioned_attribute",
        "modifier": {
            "attribute": "minecraft:generic.movement_speed",
            "operation": "addition",
            "value": 0.8,
            "name": "Increased sprinting speed"
        },
        "tick_rate": 970,
        "condition": {
            "type": "origins:sprinting",
            "inverted": false
        }
    },
    "sprint5": {
        "type": "origins:conditioned_attribute",
        "modifier": {
            "attribute": "minecraft:generic.movement_speed",
            "operation": "addition",
            "value": 1,
            "name": "Increased sprinting speed"
        },
        "tick_rate": 1210,
        "condition": {
            "type": "origins:sprinting",
            "inverted": false
        }
    }
}