{
  "type": "origins:attribute",
  "modifiers": [
	{
	  "name": "Origin modifier",
	  "attribute": "generic.luck",
	  "value": 10,
	  "operation": "addition"
	},
	{
	  "name": "Origin modifier",
	  "attribute": "generic.attack_damage",
	  "value": -2,
	  "operation": "addition"
	},
	{
	  "name": "Origin modifier",
	  "attribute": "generic.attack_speed",
	  "value": 0.5,
	  "operation": "addition"
	},
	{
	  "name": "Origin modifier",
	  "attribute": "generic.knockback_resistance",
	  "value": -0.3,
	  "operation": "addition"
	},
	{
	  "name": "Origin modifier",
	  "attribute": "generic.movement_speed",
	  "value": 0.03,
	  "operation": "addition"
	}
  ],
  "name": "Rabbit Gifts",
  "description": "You are a small rabbit man and have many interesting abilities."
}
